45bhth7d;r9473847
0ykktad6;r7492058
w2djrglf;r7390462
nshlbaje;r5739321
lqze8czd;r9403076
lqze8czd;r2730240
jmb4pur6;r2488494
jmb4pur6;r4292900
jmb4pur6;r7949411
auin5jw7;r6842901
eiv5iit3;r7480472
oc3jrkr8;r2840932
szi1x4a7;r4829493
1dd1ht2w;r0483942
1dd1ht2w;r1949503
zf0qe6xj;r3824842
zf0qe6xj;r0038998
zf0qe6xj;r8472481
q53zjp3a;r6839555
51xthytv;r2424000
ljybifkn;r7492058
ueuhdsdd;r9473847
z1f1t9oq;r7390462
njip0rto;r2730240
njip0rto;r4292900
p4ioz8x0;r6842901
p4ioz8x0;r2840932
p4ioz8x0;r0483942
nymfalc2;r3824842
4lk4ydo4;r8472481
a5bjrnv8;r2424000